{
  "threshold": 0.52,
  "confusion_matrix": [
    [
      399445,
      37
    ],
    [
      303,
      215
    ]
  ],
  "per_class": {
    "precision": [
      0.9992420224741587,
      0.8531746031746031
    ],
    "recall": [
      0.9999073800571741,
      0.41505791505791506
    ],
    "f1": [
      0.999574590543398,
      0.5584415584415584
    ],
    "support": [
      399482,
      518
    ]
  },
  "fraud_metrics": {
    "precision_fraud": 0.8531746031746031,
    "recall_fraud": 0.41505791505791506,
    "f1_fraud": 0.5584415584415584
  },
  "macro_metrics": {
    "precision_macro": 0.926208312824381,
    "recall_macro": 0.7074826475575445,
    "f1_macro": 0.7790080744924782
  },
  "roc_auc": 0.9326907302485676,
  "pr_auc": 0.48348790258461793,
  "classification_report": "              precision    recall  f1-score   support\n\n   Not Fraud       1.00      1.00      1.00    399482\n       Fraud       0.85      0.42      0.56       518\n\n    accuracy                           1.00    400000\n   macro avg       0.93      0.71      0.78    400000\nweighted avg       1.00      1.00      1.00    400000\n",
  "n_test_samples": 400000
}